{
    "AuxAudioDevice1": {
        "balance": 0.5,
        "deinterlace_field_order": 0,
        "deinterlace_mode": 0,
        "enabled": true,
        "flags": 0,
        "hotkeys": {
            "libobs.mute": [],
            "libobs.push-to-mute": [],
            "libobs.push-to-talk": [],
            "libobs.unmute": []
        },
        "id": "wasapi_input_capture",
        "mixers": 255,
        "monitoring_type": 0,
        "muted": false,
        "name": "Mic/Aux",
        "prev_ver": 419430408,
        "private_settings": {},
        "push-to-mute": false,
        "push-to-mute-delay": 0,
        "push-to-talk": false,
        "push-to-talk-delay": 0,
        "settings": {
            "device_id": "default"
        },
        "sync": 0,
        "versioned_id": "wasapi_input_capture",
        "volume": 1.0
    },
    "DesktopAudioDevice1": {
        "balance": 0.5,
        "deinterlace_field_order": 0,
        "deinterlace_mode": 0,
        "enabled": true,
        "flags": 0,
        "hotkeys": {
            "libobs.mute": [],
            "libobs.push-to-mute": [],
            "libobs.push-to-talk": [],
            "libobs.unmute": []
        },
        "id": "wasapi_output_capture",
        "mixers": 255,
        "monitoring_type": 0,
        "muted": false,
        "name": "Desktop Áudio",
        "prev_ver": 419430408,
        "private_settings": {},
        "push-to-mute": false,
        "push-to-mute-delay": 0,
        "push-to-talk": false,
        "push-to-talk-delay": 0,
        "settings": {
            "device_id": "default"
        },
        "sync": 0,
        "versioned_id": "wasapi_output_capture",
        "volume": 1.0
    },
    "current_program_scene": "Cena 1",
    "current_scene": "Cena 1",
    "current_transition": "Esmaecer",
    "groups": [],
    "modules": {
        "auto-scene-switcher": {
            "active": false,
            "interval": 300,
            "non_matching_scene": "",
            "switch_if_not_matching": false,
            "switches": []
        },
        "captions": {
            "enabled": false,
            "lang_id": 1046,
            "provider": "mssapi",
            "source": ""
        },
        "output-timer": {
            "autoStartRecordTimer": false,
            "autoStartStreamTimer": false,
            "pauseRecordTimer": true,
            "recordTimerHours": 0,
            "recordTimerMinutes": 0,
            "recordTimerSeconds": 30,
            "streamTimerHours": 0,
            "streamTimerMinutes": 0,
            "streamTimerSeconds": 30
        },
        "scripts-tool": []
    },
    "name": "Sem nome",
    "preview_locked": false,
    "quick_transitions": [
        {
            "duration": 300,
            "fade_to_black": false,
            "hotkeys": [],
            "id": 1,
            "name": "Cortar"
        },
        {
            "duration": 300,
            "fade_to_black": false,
            "hotkeys": [],
            "id": 2,
            "name": "Esmaecer"
        },
        {
            "duration": 300,
            "fade_to_black": true,
            "hotkeys": [],
            "id": 3,
            "name": "Esmaecer"
        }
    ],
    "saved_projectors": [
        {
            "geometry": "AdnQywACAAAAAAHcAAAApQAABnMAAANYAAAB5AAAAMQAAAZrAAADUAAAAAAAAAAAB4A=",
            "monitor": -1,
            "type": 4
        }
    ],
    "scaling_enabled": false,
    "scaling_level": 0,
    "scaling_off_x": 0.0,
    "scaling_off_y": 0.0,
    "scene_order": [
        {
            "name": "Cena 1"
        }
    ],
    "sources": [
        {
            "balance": 0.5,
            "deinterlace_field_order": 0,
            "deinterlace_mode": 0,
            "enabled": true,
            "flags": 0,
            "hotkeys": {},
            "id": "color_source",
            "mixers": 0,
            "monitoring_type": 0,
            "muted": false,
            "name": "LARANJA",
            "prev_ver": 419430408,
            "private_settings": {},
            "push-to-mute": false,
            "push-to-mute-delay": 0,
            "push-to-talk": false,
            "push-to-talk-delay": 0,
            "settings": {
                "color": 4286556927
            },
            "sync": 0,
            "versioned_id": "color_source_v2",
            "volume": 1.0
        },
        {
            "balance": 0.5,
            "deinterlace_field_order": 0,
            "deinterlace_mode": 0,
            "enabled": true,
            "flags": 0,
            "hotkeys": {},
            "id": "color_source",
            "mixers": 0,
            "monitoring_type": 0,
            "muted": false,
            "name": "AZUL",
            "prev_ver": 419430408,
            "private_settings": {},
            "push-to-mute": false,
            "push-to-mute-delay": 0,
            "push-to-talk": false,
            "push-to-talk-delay": 0,
            "settings": {
                "color": 4294945365
            },
            "sync": 0,
            "versioned_id": "color_source_v2",
            "volume": 1.0
        },
        {
            "balance": 0.5,
            "deinterlace_field_order": 0,
            "deinterlace_mode": 0,
            "enabled": true,
            "flags": 0,
            "hotkeys": {
                "OBSBasic.SelectScene": []
            },
            "id": "scene",
            "mixers": 0,
            "monitoring_type": 0,
            "muted": false,
            "name": "Cena 1",
            "prev_ver": 419430408,
            "private_settings": {},
            "push-to-mute": false,
            "push-to-mute-delay": 0,
            "push-to-talk": false,
            "push-to-talk-delay": 0,
            "settings": {
                "custom_size": false,
                "id_counter": 5,
                "items": []
            },
            "sync": 0,
            "versioned_id": "scene",
            "volume": 1.0
        }
    ],
    "transition_duration": 300,
    "transitions": []
}